scale_size,strain_max_avg,strain_min_avg,sigma_max_avg,w_avg,w_effective,N0_w
100,1.0006701919871308,1.0000833197708994,140.54557579402857,2.052846818138783,2.1248742830616316,922.5415269132938
80,1.00070792768582,1.0000894943043763,148.93002265546792,2.0783784163457373,1.8258184572375031,1203.0074233313596
60,1.0006692704788231,1.0000376729096063,140.1141281093584,2.0820501930728597,2.031309861130463,998.1844168877573
40,1.0005599694532714,1.0000069685842805,117.05294539160536,2.061932239597144,2.0742527815915475,962.3014784902697
